,0
0,17Networks_LH_DefaultA_IPL_1
1,17Networks_LH_DefaultA_PFCd_1
2,17Networks_LH_DefaultA_pCunPCC_1
3,17Networks_LH_DefaultA_pCunPCC_2
4,17Networks_LH_DefaultA_pCunPCC_3
5,17Networks_LH_DefaultA_PFCm_1
6,17Networks_LH_DefaultA_PFCm_2
7,17Networks_LH_DefaultA_PFCm_3
8,17Networks_LH_DefaultB_Temp_1
9,17Networks_LH_DefaultB_Temp_2
10,17Networks_LH_DefaultB_Temp_3
11,17Networks_LH_DefaultB_Temp_4
12,17Networks_LH_DefaultB_IPL_1
13,17Networks_LH_DefaultB_PFCd_1
14,17Networks_LH_DefaultB_PFCd_2
15,17Networks_LH_DefaultB_PFCd_3
16,17Networks_LH_DefaultB_PFCd_4
17,17Networks_LH_DefaultB_PFCv_1
18,17Networks_LH_DefaultB_PFCv_2
19,17Networks_LH_DefaultB_PFCv_3
20,17Networks_LH_DefaultB_PFCv_4
21,17Networks_LH_DefaultC_IPL_1
22,17Networks_LH_DefaultC_Rsp_1
23,17Networks_LH_DefaultC_PHC_1
24,17Networks_RH_DefaultA_IPL_1
25,17Networks_RH_DefaultA_PFCd_1
26,17Networks_RH_DefaultA_pCunPCC_1
27,17Networks_RH_DefaultA_PFCm_1
28,17Networks_RH_DefaultA_PFCm_2
29,17Networks_RH_DefaultA_PFCm_3
30,17Networks_RH_DefaultB_Temp_1
31,17Networks_RH_DefaultB_AntTemp_1
32,17Networks_RH_DefaultB_PFCd_1
33,17Networks_RH_DefaultB_PFCv_1
34,17Networks_RH_DefaultC_IPL_1
35,17Networks_RH_DefaultC_Rsp_1
36,17Networks_RH_DefaultC_PHC_1
